name,subject
Image Data, Computer Scince
Introduction to Algorithms,Computer Science
System Perormance, Computer Science
Programming Languages,Computer Science
Impacts of digital technology,Computer Science
Computer Science,Computer Science
Boolean Logic,Computer Science
Coding,Computer Science
Chemical Reactions and Equations,Chemistry
Cell Structure and Function,Biology
Biology,Biology
Chemistry,Chemistry
Fundamentals of Physics,Physics
Physics,Physics
Algebra and Geometry,Maths
Maths,Maths
Sports Training Techniques,Sport
Sport,Sport
PE,Sport
English Literature Analysis,English
English,English
World War II History,History
History,History
Geographical Landforms,Geography
Geography,Geography
Data Structures and Algorithms,Computer Science
Organic Chemistry Basics,Chemistry
Genetics and Heredity,Biology
Quantum Mechanics,Physics
Calculus and Differential Equations,Maths
Sports Nutrition and Performance,Sport
English Grammar and Composition,English
Ancient Civilizations,History
Climate and Weather Patterns,Geography
Capitals of Europe,Geography
Database Management Systems,Computer Science
Chemical Bonding and Molecular Structure,Chemistry
Human Anatomy and Physiology,Biology
Electromagnetic Waves,Physics
Statistics and Probability,Maths
Sports Psychology and Mental Training,Sport
English Language and Communication,English
The Renaissance Era,History
Population and Migration,Geography
Artificial Intelligence,Computer Science
Inorganic Chemistry Concepts,Chemistry
Evolutionary Biology,Biology
Thermodynamics,Physics
Linear Algebra,Maths
Sports Medicine and Injury Prevention,Sport
English Poetry and Analysis,English
World War I History,History
Natural Disasters and Hazards,Geography
Computer Networks,Computer Science
Physical and Chemical Changes,Chemistry
Ecology and Ecosystems,Biology
Optics and Light,Physics
Number Theory and Cryptography,Maths
Sports Sociology and Culture,Sport
English Drama and Theater,English
Ancient Egypt History,History
Globalization and Trade,Geography
Introduction to Algorithms,Computer Science
Chemical Reactions and Equations,Chemistry
Cell Structure and Function,Biology
Fundamentals of Physics,Physics
Algebra and Geometry,Maths
Sports Training Techniques,Sport
English Literature Analysis,English
World War II History,History
Geographical Landforms,Geography
Data Structures and Algorithms,Computer Science
Organic Chemistry Basics,Chemistry
Genetics and Heredity,Biology
Quantum Mechanics,Physics
Calculus and Differential Equations,Maths
Sports Nutrition and Performance,Sport
English Grammar and Composition,English
Ancient Civilizations,History
Climate and Weather Patterns,Geography
Database Management Systems,Computer Science
Chemical Bonding and Molecular Structure,Chemistry
Human Anatomy and Physiology,Biology
Electromagnetic Waves,Physics
Statistics and Probability,Maths
Sports Psychology and Mental Training,Sport
English Language and Communication,English
The Renaissance Era,History
Population and Migration,Geography
Artificial Intelligence,Computer Science
Inorganic Chemistry Concepts,Chemistry
Evolutionary Biology,Biology
Thermodynamics,Physics
Linear Algebra,Maths
Sports Medicine and Injury Prevention,Sport
English Poetry and Analysis,English
World War I History,History
Natural Disasters and Hazards,Geography
Current Events Analysis,Geography
Physical Education Refresher,Sport
Computer Networks,Computer Science
Physical and Chemical Changes,Chemistry
Ecology and Ecosystems,Biology
Optics and Light,Physics
Number Theory and Cryptography,Maths
Sports Sociology and Culture,Sport
English Drama and Theater,English
Ancient Egypt History,History
Globalization and Trade,Geography
Software Engineering,Computer Science
Acids and Bases,Chemistry
Plant Biology,Biology
Astrophysics,Physics
Geometry and Trigonometry,Maths
Sports Injuries and Rehabilitation,Sport
English Writing and Composition,English
American Revolution History,History
Cultural Geography,Geography
Machine Learning,Computer Science
Chemical Reactions and Kinetics,Chemistry
Microbiology,Biology
Particle Physics,Physics
Probability and Statistics,Maths
Sports Management and Administration,Sport
English Literature Classics,English
World War II Leaders,History
Political Geography,Geography
Operating Systems,Computer Science
Nuclear Chemistry,Chemistry
Animal Biology,Biology
Space Exploration and Astronomy,Physics
Geometry and Coordinate Systems,Maths
Sports Marketing and Sponsorship,Sport
English Language Acquisition,English
Cold War History,History
Urban Geography,Geography
Data Science,Computer Science
Quantitative Analysis,Chemistry
Plant Genetics and Biotechnology,Biology
Astrobiology,Physics
Calculus and Integration,Maths
Sports Broadcasting and Journalism,Sport
English Language and Society,English
Ancient Greece History,History
Physical Geography,Geography
Robotics,Computer Science
Chemical Equilibrium,Chemistry
Marine Biology,Biology
Relativity and Gravitation,Physics
Number Systems and Operations,Maths
Sports Law and Ethics,Sport
Shakespearean Literature,English
World War I Leaders,History
Geopolitics,Geography
Information Security,Computer Science
Environmental Chemistry,Chemistry
Genetic Engineering and Biotechnology,Biology
Atomic and Nuclear Physics,Physics
Mathematical Modeling,Maths
Sports Facilities and Event Management,Sport
English Language Teaching Methodology,English
Industrial Revolution History,History
Development Geography,Geography
Computational Thinking,Computer Science
Chemical Reactions and Stoichiometry,Chemistry
Human Physiology and Anatomy,Biology
Electrodynamics,Physics
Advanced Calculus,Maths
Sports Performance Analysis,Sport
English Language and Linguistics,English
Ancient Rome History,History
Cultural Anthropology,Geography
Database Design and Implementation,Computer Science
Physical Chemistry,Chemistry
Microscopic Techniques in Biology,Biology
Astrophysical Phenomena,Physics
Discrete Mathematics,Maths
Sports Coaching and Leadership,Sport
English Creative Writing,English
World Religions,History
Economic Geography,Geography
Computer Graphics,Computer Science
Organometallic Chemistry,Chemistry
Cellular and Molecular Biology,Biology
Astrochemistry,Physics
Complex Analysis,Maths
Sports Biomechanics,Sport
English Language and Pragmatics,English
Medieval History,History
Social Geography,Geography
Software Development,Computer Science
Chemical Analysis and Instrumentation,Chemistry
Plant Physiology,Biology
Quantum Field Theory,Physics
Differential Equations and Applications,Maths
Sports Sociology and Identity,Sport
English Literary Theory,English
World War II Battles,History
Transportation Geography,Geography
Artificial Neural Networks,Computer Science
Physical Organic Chemistry,Chemistry
Genomics and Proteomics,Biology
Particle Accelerators,Physics
Mathematical Logic,Maths
Sports Nutrition and Dietetics,Sport
English Language and Discourse Analysis,English
The Cold War,History
Tourism Geography,Geography
Computer Vision,Computer Science
Environmental Chemistry and Pollution,Chemistry
Human Evolutionary Biology,Biology
Quantum Computing,Physics
Mathematical Optimization,Maths
Sports Event Planning and Management,Sport
English Language and Globalization,English
World War I Battles,History
Population Geography,Geography
Human-Computer Interaction,Computer Science
Inorganic Chemistry Reactions,Chemistry
Neurobiology,Biology
Cosmology,Physics
Numerical Methods,Maths
Sports Analytics,Sport
English Literature of the Romantic Period,English
Ancient China History,History
Geographic Information Systems,Geography
Network Security,Computer Science
Supramolecular Chemistry,Chemistry
Immunology,Biology
Condensed Matter Physics,Physics
Mathematical Statistics,Maths
Sports Broadcasting and Commentating,Sport
English Language and Intercultural Communication,English
The Renaissance Literature,History
Rural Geography,Geography
Big Data Analytics,Computer Science
Environmental Chemistry and Sustainability,Chemistry
Developmental Biology,Biology
Astroparticle Physics,Physics
Topology,Maths
Sports Economics,Sport
English Language and Media Studies,English
Industrial Revolution and Society,History
Urban Planning and Design,Geography
Natural Language Processing,Computer Science
Biochemistry,Chemistry
Ecology and Conservation Biology,Biology
Theoretical Physics,Physics
Complex Variables,Maths
Sports Psychology and Performance Enhancement,Sport
English Literature of the Victorian Era,English
American Civil War History,History
Political and Cultural Geography,Geography
Photography Techniques,Other
Astrology and Horoscopes,Other
Gourmet Cooking Recipes,Other
DIY Home Improvement,Other
Fashion Trends and Styling,Other
Cryptocurrency Trading,Other
Mindfulness and Meditation,Other
Travel Destinations and Tips,Other
Gardening and Horticulture,Other
Film and Cinema History,Other
Graphic Design Principles,Other
Fitness and Exercise Routines,Other
Personal Finance and Budgeting,Other
Self-Help and Motivation,Other
Pet Care and Training,Other
Comic Books and Graphic Novels,Other
Music Theory and Composition,Music
Car Maintenance and Repair,Other
Art and Craft Techniques,Other
Writing Fiction and Short Stories,Other
Healthy Eating and Nutrition,Other
Vintage Collectibles and Antiques,Other
Outdoor Adventure and Survival,Other
Parenting and Child Development,Other
Sustainable Living and Eco-Friendly Practices,Other
Conspiracy Theories and Urban Legends,Other
Magic Tricks and Illusions,Other
Entrepreneurship and Startups,Other
Creative Writing Prompts,Other
Home Organization and Decluttering,Other
Astrophotography and Stargazing,Other
Tarot Card Reading,Other
Foreign Language Learning,Other
Home Brewing and Beer Making,Other
Interior Design Inspiration,Other
Photorealistic Drawing Techniques,Other
Alternative Medicine and Healing,Other
Board Games and Strategy,Other
Fitness Wearable Technology,Other
Wedding Planning and Inspiration,Other
DIY Arts and Crafts Projects,Other
Online Gaming and Esports,Other
Calligraphy and Hand Lettering,Other
Social Media Marketing,Other
Psychology and Human Behavior,Other
Collecting Vinyl Records,Other
Baking and Pastry Making,Other
Time Management and Productivity,Other
Paranormal Phenomena and Ghost Hunting,Other
Astrophysics and Cosmology,Other
Home Workout and Fitness Challenges,Other
Photography Composition and Framing,Other
Artificial Intelligence in Everyday Life,Other
Healthy Smoothie Recipes,Other
Home DÃ©cor and Interior Styling,Other
Classic Literature and Book Recommendations,Other
Online Dating Tips and Advice,Other
Creative Writing Workshops,Other
Personal Development and Goal Setting,Other
Cycling and Bike Maintenance,Other
Upcycling and Repurposing Projects,Other
Astrological Compatibility and Relationships,Other
Budget Travel Hacks and Tips,Other
Plant-Based Cooking and Vegan Recipes,Other
Street Photography and Urban Exploration,Other
Online Business and E-commerce,Other
DIY Fashion and Clothing Alterations,Other
Screenwriting and Film Production,Other
Introduction to Psychology,Other
Vintage Fashion and Retro Styling,Other
Photography Editing and Post-Processing,Other
Mindfulness and Stress Relief,Other
Healthy Meal Prep and Batch Cooking,Other
Comic Conventions and Cosplay,Other
Music Production and Beat Making,Music
Caravan and RV Traveling,Other
DIY Woodworking and Carpentry Projects,Other
Watercolor Painting Techniques,Other
Martial Arts and Self-Defense,Other
Personal Branding and Professional Image,Other
Healthy Snack Ideas and Recipes,Other
Outdoor Photography and Nature Exploration,Other
Exploring World Mythology,Other
Fashion Illustration and Design,Other
Social Skills and Communication,Other
Classic Film Recommmendations and Reviews,Other
Gourmet Coffee Brewing and Tasting,Other
Digital Marketing Strategies,Other
Understanding Dreams and Dream Interpretation,Other
Home Gardening Tips and Tricks,Other
DIY Electronics and Circuitry,Other
Writing Poetry and Verses,Other
Body Language and Nonverbal Communication,Other
Vintage Car Restoration,Other
Yoga and Meditation Practices,Other
Adventure Travel and Extreme Sports,Other
Plant-Based Nutrition and Health Benefits,Other
Mobile Photography and Editing Apps,Other
Freelancing and Remote Work Opportunities,Other
Conscious Parenting and Positive Discipline,Other
DIY Natural Beauty and Skincare,Other
Creative Coding and Generative Art,Other
Financial Independence and Early Retirement,Other
Graffiti and Street Art,Other
Science Fiction and Fantasy Literature,Other
Photography Lighting Techniques,Other
Art Therapy and Healing Through Creativity,Other
Digital Illustration and Character Design,Other
Urban Gardening and Vertical Farming,Other
DIY Home Automation and Smart Devices,Other
Fashion Styling and Personal Wardrobe,Other
Introduction to Philosophy,Other
Professional Photography Business Tips,Other
Wholesome Memes and Internet Culture,Other
Natural Remedies and Herbal Medicine,Other
Board Game Design and Prototyping,Other
DIY Home Renovation and Remodeling,Other
Sketching and Urban Sketching,Other
Indie Music and Underground Artists,Music
Sustainable Fashion and Ethical Clothing,Other
Time Travel Theories and Speculations,Other
Motivational Podcasts and Inspirational Talks,Other
Handmade Jewelry Making and Beading,Other
Freestyle Rap and Lyricism,Other
Vintage Vinyl Record Collecting,Other
Mind Mapping and Brainstorming Techniques,Other
Fashion Photography and Editorial Shoots,Other
Astrology Birth Charts and Natal Readings,Other
Answer the Question!,Other
Critical Thinking Exercises,Other
Environmental Science Revisit,Biology
Political Science Insights,Other
Test,Other
keys,Music
Music,Music
"Geometry: Theorems and Proofs","Maths"
"Programming Fundamentals with Python","Computer Science"
"Electromagnetic Spectrum Exploration","Physics"
"Organic Chemistry Reactions Overview","Chemistry"
"Genetics and Heredity Recap","Biology"
"Exploring Music History and Genres","Music"
"Countries and Capitals Quiz","Geography"
"The Renaissance: Art and Culture","History"
"Strategies for Team Sports","Sport"
"Victorian Literature Analysis","English"
"Critical Thinking Challenge","Other"
"Trigonometry Applications Practice","Maths"
"Web Development Basics","Computer Science"
"Optics and Light Phenomena","Physics"
"Chemical Kinetics Review","Chemistry"
"Evolution and Natural Selection","Biology"
"Music Composition Techniques","Music"
"Climate Change and Environmental Issues","Geography"
"The Cold War: Causes and Consequences","History"
"Nutrition and Fitness Planning","Sport"
"Poetry Analysis and Interpretation","English"
"Mindfulness and Stress Reduction","Other"
"Probability and Statistics Essentials","Maths"
"Algorithms and Data Structures Mastery","Computer Science"
"Quantum Mechanics Fundamentals","Physics"
"Acids and Bases Properties","Chemistry"
"Ecology and Ecosystems Overview","Biology"
"Music Theory: Scales and Modes","Music"
"World Religions and Beliefs","Geography"
"Ancient Civilizations Exam","History"
"Team Building and Leadership in Sports","Sport"
"Creative Writing Techniques","English"
"Philosophy and Ethics Exploration","Other"
"Calculus: Limits and Derivatives","Maths"
"Artificial Intelligence Principles","Computer Science"
"Astrophysics and Cosmology Insights","Physics"
"Chemical Thermodynamics Concepts","Chemistry"
"Human Anatomy and Physiology Essentials","Biology"
"Film Music Analysis","Music"
"Population Geography Review","Geography"
"The Industrial Revolution Impact","History"
"Sports Psychology and Performance","Sport"
"Shakespearean Sonnets Deconstruction","English"
"Current Events and Global Issues","Other"
"Linear Algebra Basics","Maths"
"Web Development Frameworks","Computer Science"
"Wave Mechanics and Quantum Numbers","Physics"
"Organic Chemistry Functional Groups","Chemistry"
"Microbiology: Bacteria and Viruses","Biology"
"Music in Different Cultures","Music"
"Cultural Geography: Customs and Traditions","Geography"
"The Renaissance in Literature","History"
"Sports Nutrition and Diet Planning","Sport"
"Modernist Literature Analysis","English"
"Debates on Contemporary Issues","Other"
"Complex Numbers Exploration","Maths"
"Software Engineering Principles","Computer Science"
"Special Relativity and Time Dilation","Physics"
"Transition Metals and Coordination Compounds","Chemistry"
"Ecological Succession and Biodiversity","Biology"
"Film Score Composition Techniques","Music"
"Political Geography: Borders and Boundaries","Geography"
"The Age of Exploration","History"
"High-Intensity Interval Training (HIIT) Workouts","Sport"
"Postcolonial Literature Analysis","English"
"Logic and Critical Thinking Exercises","Other"
"Statistics and Probability Applications","Maths"
"Network Security Fundamentals","Computer Science"
"Quantum Entanglement and Superposition","Physics"
"Redox Reactions and Electrochemistry","Chemistry"
"Human Genetics and Genetic Disorders","Biology"
"Jazz Music History and Influences","Music"
"Urban Geography and City Planning","Geography"
"The Enlightenment and Its Thinkers","History"
"Sports Medicine and Injury Prevention","Sport"
"Contemporary Poetry Analysis","English"
"Globalization and Its Effects","Other"
"Advanced Trigonometric Identities","Maths"
"Database Design and Normalization","Computer Science"
"Particle Physics and Subatomic Particles","Physics"
"Inorganic Chemistry Concepts","Chemistry"
"Ecology and Conservation Strategies","Biology"
"Film Analysis: Genre and Style","Music"
"Cultural Landmarks Quiz","Geography"
"The Renaissance in Art and Architecture","History"
"Psychology of Athletic Performance","Sport"
"Modern American Literature Survey","English"
"Critical Reading and Analytical Skills","Other"
"Matrix Algebra and Applications","Maths"
"Software Development Best Practices","Computer Science"
"Astrophysical Phenomena: Black Holes","Physics"
"Organic Synthesis and Reaction Mechanisms","Chemistry"
"Human Evolution and Paleontology","Biology"
"World Music Traditions Exploration","Music"
"Climate Change Mitigation Strategies","Geography"
"The French Revolution: Causes and Effects","History"
"Team Dynamics in Sports","Sport"
"British Romantic Poetry Analysis","English"
"Debates on Ethical Dilemmas","Other"
"Differential Equations and Modeling","Maths"
"Web Security and Vulnerability Analysis","Computer Science"
"Wave-particle Duality in Quantum Mechanics","Physics"
"Chemical Equilibrium and Le Chatelier's Principle","Chemistry"
"Genetic Engineering and Biotechnology","Biology"
"Film Directing Techniques","Music"
"Urbanization and Megacities","Geography"
"The Age of Absolutism","History"
"Injury Rehabilitation and Physical Therapy","Sport"
"Postcolonial Fiction Analysis","English"
"Philosophical Debates on Existence","Other"
"Multivariable Calculus Concepts","Maths"
"Artificial Intelligence Applications","Computer Science"
"Quantum Field Theory Fundamentals","Physics"
"Transition Metal Catalysis","Chemistry"
"Microbial Ecology and Environmental Microbiology","Biology"
"Music Production and Studio Techniques","Music"
"Geopolitics and Global Conflicts","Geography"
"The Industrial Revolution in Europe","History"
"Strength and Conditioning Principles","Sport"
"Contemporary British Literature Analysis","English"
"Ethics in Scientific Research","Other"
"Complex Analysis and Residue Theorem","Maths"
"Mobile App Development Basics","Computer Science"
"Cosmological Models and Dark Matter","Physics"
"Organic Spectroscopy Techniques","Chemistry"
"Human Immunology and Vaccines","Biology"
"Jazz Improvisation Techniques","Music"
"Rural Geography and Agricultural Practices","Geography"
"The Scientific Revolution and Its Impact","History"
"Sports Coaching Strategies","Sport"
"Shakespearean Tragedies Analysis","English"
"Philosophy of Mind and Consciousness","Other"
"Statistical Learning and Machine Learning","Maths"
"Cybersecurity Threats and Defense","Computer Science"
"String Theory and Extra Dimensions","Physics"
"Bioorganic Chemistry and Medicinal Chemistry","Chemistry"
"Plant Physiology and Photosynthesis","Biology"
"Electronic Music Production","Music"
"Globalization and Cultural Homogenization","Geography"
"The Byzantine Empire and Its Legacy","History"
"Sports Sociology and Cultural Perspectives","Sport"
"Victorian Gothic Literature Analysis","English"
"Debates on Technological Ethics","Other"
"Partial Differential Equations and Applications","Maths"
"Human-Computer Interaction Principles","Computer Science"
"Relativity and Time Travel Paradoxes","Physics"
"Polymer Chemistry and Materials Science","Chemistry"
"Neurobiology of Behavior and Cognition","Biology"
"Music and Social Movements","Music"
"Geography of Tourism and Leisure","Geography"
"The American Civil War: Causes and Consequences","History"
"Nutrition for Endurance Athletes","Sport"
"Postmodern Literature Analysis","English"
"Philosophy of Science Debates","Other"
"Number Theory and Cryptography","Maths"
"Software Testing and Quality Assurance","Computer Science"
"Quantum Computing and Quantum Algorithms","Physics"
"Environmental Chemistry and Pollution","Chemistry"
"Human Anatomy in Artistic Representation","Biology"
"Film Editing Techniques","Music"
"Political Geography: Power and Territories","Geography"
"The Renaissance in Science and Invention","History"
"Sports Biomechanics and Kinematics","Sport"
"Contemporary Poetry and Social Issues","English"
"Ethical Dilemmas in Technology","Other"
"Advanced Calculus: Integration Techniques","Maths"
"Data Science and Big Data Analytics","Computer Science"
"Quantum Entanglement and Quantum Cryptography","Physics"
"Environmental Science and Sustainability","Chemistry"
"Ecological Restoration and Conservation Biology","Biology"
"Music and Cultural Identity","Music"
"Political Geography: Geopolitical Theories","Geography"
"The Renaissance in Philosophy","History"
"Sports Nutrition for Peak Performance","Sport"
"Postcolonial Drama Analysis","English"
"Philosophy of Technology and Society","Other"
"Abstract Algebra: Group Theory","Maths"
"Web Application Security Practices","Computer Science"
"String Theory and Multiverse Hypothesis","Physics"
"Inorganic Synthesis and Coordination Chemistry","Chemistry"
"Neuroscience and Behavior Genetics","Biology"
"Music and Technology Integration","Music"
"Urban Planning and Sustainable Cities","Geography"
"The Scientific Method and Enlightenment Thinkers","History"
"Team Building and Leadership in Extreme Sports","Sport"
"Shakespearean Comedies Analysis","English"
"Ethics in Artificial Intelligence","Other"
"Complex Analysis: Residue Integration","Maths"
"Cloud Computing Fundamentals","Computer Science"
"Quantum Computing Algorithms","Physics"
"Bioinorganic Chemistry and Metalloproteins","Chemistry"
"Human Reproductive Biology","Biology"
"Music and Film Scores: A Comparative Study","Music"
"Cultural Landscape Analysis","Geography"
"The Age of Exploration: Maritime Expeditions","History"
"Sports Psychology: Motivation and Goal Setting","Sport"
"Contemporary American Literature Analysis","English"
"Philosophy of Mind: Consciousness Theories","Other"
"Topology and Topological Spaces","Maths"
"Software Architecture and Design Patterns","Computer Science"
"General Relativity and Gravitational Waves","Physics"
"Organic Synthesis and Natural Products","Chemistry"
"Human Microbiome and Gut Health","Biology"
"Music and Cognitive Psychology","Music"
"Globalization and Cultural Hybridity","Geography"
"The Renaissance in Politics","History"
"Sports Medicine: Injury Assessment and Treatment","Sport"
"Victorian Poetry Analysis","English"
"Debates on Bioethics and Biotechnology","Other"
"Number Theory: Diophantine Equations","Maths"
"Machine Learning Algorithms and Applications","Computer Science"
"Quantum Information and Quantum Communication","Physics"
"Green Chemistry and Sustainable Practices","Chemistry"
"Human Evolutionary Anthropology","Biology"
"Music and Social Media Influences","Music"
"Geopolitics of Energy Resources","Geography"
"The Byzantine Empire: Culture and Society","History"
"Sports Sociology: Gender and Inequality","Sport"
"Postcolonial Theoretical Perspectives","English"
"Ethics in Medical Research","Other"
"Real Analysis: Sequences and Series","Maths"
"Mobile App Security and Privacy","Computer Science"
"Quantum Mechanics Interpretations","Physics"
"Organic Reaction Mechanisms","Chemistry"
"Immunology and Vaccination Strategies","Biology"
"Music and Sound Design in Video Games","Music"
"Urbanization and Megacity Challenges","Geography"
"The Enlightenment in Literature","History"
"Sports Nutrition: Supplements and Performance","Sport"
"Contemporary British Poetry Analysis","English"
"Philosophy of Artificial Intelligence","Other"
"Game Theory and Decision Making","Maths"
"Software Development Life Cycle","Computer Science"
"Quantum Field Theory Applications","Physics"
"Green Synthesis and Sustainable Chemistry","Chemistry"
"Human Genetics: Genetic Counseling","Biology"
"Film Scoring Techniques","Music"
"Cultural Geography: Migration Patterns","Geography"
"The Industrial Revolution: Social Impact","History"
"Sports Coaching: Communication Strategies","Sport"
"Postmodern Drama Analysis","English"
"Ethics in Business and Corporate Responsibility","Other"
"Philosophy of Mind: Consciousness Theories","Other"
"Debates on Bioethics and Biotechnology","Other"
"Ethics in Medical Research","Other"
"Philosophy of Artificial Intelligence","Other"
"Ethics in Business and Corporate Responsibility","Other"
"Critical Reading and Analytical Skills","Other"
"Debates on Ethical Dilemmas","Other"
"Mindfulness and Stress Reduction","Other"
"Philosophical Debates on Existence","Other"
"Logic and Critical Thinking Exercises","Other"
"Contemporary Poetry and Social Issues","Other"
"Ethical Dilemmas in Technology","Other"
"Politics of Identity: Gender and Sexuality","Other"
"Philosophy of Education: Learning Theories","Other"
"Debates on Technological Ethics","Other"
"Existentialist Philosophy Exploration","Other"
"Ethics of Artificial Intelligence in Healthcare","Other"
"Philosophy of Language: Semiotics and Meaning","Other"
"Environmental Ethics and Conservation","Other"
"Debates on Freedom and Determinism","Other"
"Philosophy of Science Debates","Other"
"Bioethics: Cloning and Genetic Engineering","Other"
"Social Justice and Human Rights Advocacy","Other"
"Philosophy of Religion: Atheism vs. Theism","Other"
"Debates on Immigration and Border Policies","Other"
"Philosophy of Aesthetics: Beauty and Art","Other"
"Critical Media Literacy and Media Ethics","Other"
"Debates on Privacy and Surveillance","Other"
"Philosophy of Technology: Technological Determinism","Other"
"Ethics of Artificial Intelligence in Criminal Justice","Other"
"Existentialist Literature Analysis","Other"
"Philosophy of Mind: Dualism vs. Materialism","Other"
"Debates on Animal Rights and Ethics","Other"
"Ethics in Journalism and Media","Other"
"Political Philosophy: Liberalism vs. Conservatism","Other"
"Philosophy of Economics: Capitalism vs. Socialism","Other"
"Debates on Genetic Modification and Designer Babies","Other"
"Philosophy of Emotions and Emotional Intelligence","Other"
"Critical Discourse Analysis","Other"
"Debates on Climate Change Policies","Other"
"Ethics in Artificial Intelligence: Autonomous Weapons","Other"
"Philosophy of History: Historicism vs. Positivism","Other"
"Debates on Euthanasia and Assisted Suicide","Other"
"Philosophy of Mind: Behaviorism vs. Functionalism","Other"
"Ethics of Data Privacy in the Digital Age","Other"
"Existentialist Film Analysis","Other"
"Philosophy of Language: Analytic vs. Continental Philosophy","Other"
"Debates on Nuclear Energy and Nuclear Weapons","Other"
"Ethics in Business: Corporate Social Responsibility","Other"
"Philosophy of Politics: Anarchism vs. Authoritarianism","Other"
"Debates on Space Exploration and Colonization","Other"
"Philosophy of Education: Progressivism vs. Traditionalism","Other"
"Ethics of Artificial Intelligence in Warfare","Other"
"Debates on Genetic Testing and Genetic Privacy","Other"
"Philosophy of Mind: Identity Theory vs. Functionalism","Other"
"Critical Cultural Studies","Other"
"Debates on Renewable Energy and Sustainable Practices","Other"
"Ethics in Artificial Intelligence: Bias and Fairness","Other"
"Philosophy of Religion: Eastern vs. Western Traditions","Other"
"Debates on Surveillance Capitalism and Big Tech","Other"
"Philosophy of Mind: Cognitive Science Approaches","Other"
"Existentialist Philosophy in Literature","Other"
"Ethics in Marketing and Advertising","Other"
"Debates on Cybersecurity and Digital Rights","Other"
"Philosophy of Language: Pragmatics and Speech Act Theory","Other"
"Debates on Genetic Engineering in Agriculture","Other"
"Ethics of Artificial Intelligence: Accountability and Transparency","Other"
"Philosophy of Ethics: Consequentialism vs. Deontology","Other"
"Debates on Water Scarcity and Resource Management","Other"
"Philosophy of Science: Realism vs. Antirealism","Other"
"Critical Disability Studies","Other"
"Debates on Antibiotic Resistance and Public Health","Other"
"Ethics in Fashion Industry","Other"
"Philosophy of Technology: Posthumanism and Transhumanism","Other"
"Debates on Artificial Intelligence in Education","Other"
"Philosophy of Mind: Computational Theory of Mind","Other"
"Existentialist Poetry Analysis","Other"
"Ethics in Artificial Intelligence: Privacy and Surveillance","Other"
"Advanced Number Theory Concepts","Maths"
"Linear Algebra: Eigenvectors and Eigenvalues","Maths"
"Complex Analysis: Laurent Series","Maths"
"Mathematical Logic and Set Theory","Maths"
"Abstract Algebra: Ring Theory","Maths"
"Topology: Metric Spaces and Continuity","Maths"
"Differential Equations: Partial and Ordinary","Maths"
"Mathematical Induction and Recurrence Relations","Maths"
"Graph Theory and Network Analysis","Maths"
"Number Theory: Modular Arithmetic","Maths"
"Vector Calculus and Multivariable Integration","Maths"
"Real Analysis: Continuity and Differentiability","Maths"
"Combinatorics and Counting Principles","Maths"
"Mathematical Proofs and Proof Techniques","Maths"
"Calculus of Variations and Optimization","Maths"
"Mathematical Statistics and Probability Distributions","Maths"
"Algebraic Geometry Basics","Maths"
"Hyperbolic Geometry and Non-Euclidean Geometry","Maths"
"Mathematical Models in Economics","Maths"
"Discrete Mathematics: Graph Algorithms","Maths"
"Number Theory: Diophantine Equations","Maths"
"Mathematical Cryptography and Number Theory","Maths"
"Functional Analysis: Banach Spaces","Maths"
"Game Theory and Decision Theory","Maths"
"Mathematical Biology: Population Dynamics","Maths"
"Fractal Geometry and Chaos Theory","Maths"
"Mathematical Optimization and Linear Programming","Maths"
"Fourier Analysis and Signal Processing","Maths"
"Stochastic Processes and Markov Chains","Maths"
"Mathematical Finance: Option Pricing Models","Maths"
"Nonlinear Dynamics and Chaos Theory","Maths"
"Mathematical Logic: Propositional and First-Order Logic","Maths"
"Finite Element Method in Numerical Analysis","Maths"
"Mathematical Structures: Lattices and Boolean Algebra","Maths"
"Representation Theory of Finite Groups","Maths"
"Mathematical Physics: Differential Geometry","Maths"
"Fluid Dynamics and Navier-Stokes Equations","Maths"
"Mathematics of Machine Learning","Maths"
"Algebraic Topology: Homology Theory","Maths"
"Non-Euclidean Geometry: Projective Geometry","Maths"
"Mathematical Logic: Model Theory","Maths"
"Mathematics of Quantum Mechanics","Maths"
"Number Theory: Cryptographic Applications","Maths"
"Mathematical Ecology: Population Models","Maths"
"Geometric Group Theory","Maths"
"Mathematical Logic: Recursive Function Theory","Maths"
"Mathematical Methods in Computer Science","Maths"
"Algebraic Number Theory","Maths"
"Mathematical Biology: Epidemic Models","Maths"
"Operating Systems: File System Management","Computer Science"
"Database Systems: Relational Algebra","Computer Science"
"Computer Networks: Routing Algorithms","Computer Science"
"Machine Learning: Neural Network Architectures","Computer Science"
"Software Engineering: Software Testing Strategies","Computer Science"
"Artificial Intelligence: Natural Language Processing","Computer Science"
"Computer Graphics: 3D Rendering Techniques","Computer Science"
"Cybersecurity: Network Security Protocols","Computer Science"
"Data Structures: Priority Queues and Heaps","Computer Science"
"Algorithms: Greedy Algorithms","Computer Science"
"Human-Computer Interaction: User Interface Design","Computer Science"
"Distributed Systems: Consensus Algorithms","Computer Science"
"Compiler Design: Lexical Analysis and Parsing","Computer Science"
"Computer Vision: Image Recognition Techniques","Computer Science"
"Cloud Computing: Virtualization and Containers","Computer Science"
"Web Development: Frontend Frameworks","Computer Science"
"Artificial Intelligence: Reinforcement Learning","Computer Science"
"Computer Networks: Wireless Communication","Computer Science"
"Data Mining: Association Rule Mining","Computer Science"
"Software Engineering: Agile Methodologies","Computer Science"
"Natural Language Processing: Sentiment Analysis","Computer Science"
"Operating Systems: Memory Management Techniques","Computer Science"
"Database Systems: NoSQL Databases","Computer Science"
"Computer Graphics: Shader Programming","Computer Science"
"Cybersecurity: Intrusion Detection Systems","Computer Science"
"Data Structures: Trie and Suffix Tree","Computer Science"
"Algorithms: Dynamic Programming","Computer Science"
"Human-Computer Interaction: Accessibility Design","Computer Science"
"Distributed Systems: Fault Tolerance Mechanisms","Computer Science"
"Compiler Design: Code Generation and Optimization","Computer Science"
"Computer Vision: Object Detection Algorithms","Computer Science"
"Cloud Computing: Serverless Architectures","Computer Science"
"Web Development: Backend Frameworks","Computer Science"
"Artificial Intelligence: Genetic Algorithms","Computer Science"
"Computer Networks: Internet of Things (IoT)","Computer Science"
"Data Mining: Clustering Techniques","Computer Science"
"Software Engineering: Code Review Best Practices","Computer Science"
"Natural Language Processing: Named Entity Recognition","Computer Science"
"Operating Systems: Process Synchronization","Computer Science"
"Database Systems: Data Warehousing","Computer Science"
"Computer Graphics: Virtual Reality Technologies","Computer Science"
"Cybersecurity: Penetration Testing Methods","Computer Science"
"Data Structures: Disjoint Set Data Structure","Computer Science"
"Algorithms: Graph Algorithms","Computer Science"
"Human-Computer Interaction: Usability Testing","Computer Science"
"Distributed Systems: Cloud Computing Models","Computer Science"
"Compiler Design: Intermediate Code Generation","Computer Science"
"Computer Vision: Image Segmentation Techniques","Computer Science"
"System Architecture","Computer Science"
"Cloud Computing: Edge Computing","Computer Science"
"Web Development: Progressive Web Apps","Computer Science"
"Artificial Intelligence: Expert Systems","Computer Science"
"Computer Networks: Network Virtualization","Computer Science"
"Quantum Mechanics: Wave-Particle Duality","Physics"
"Classical Mechanics: Lagrangian Mechanics","Physics"
"Thermodynamics: Heat Transfer and Thermodynamic Cycles","Physics"
"Electromagnetism: Maxwell's Equations","Physics"
"Quantum Field Theory: Feynman Diagrams","Physics"
"Astrophysics: Stellar Structure and Evolution","Physics"
"Nuclear Physics: Nuclear Reactions and Decay","Physics"
"Condensed Matter Physics: Superconductivity","Physics"
"Special Relativity: Lorentz Transformations","Physics"
"Fluid Mechanics: Navier-Stokes Equations","Physics"
"Optics: Geometrical Optics and Lens Systems","Physics"
"Statistical Mechanics: Boltzmann Distribution","Physics"
"Particle Physics: Standard Model Particles","Physics"
"Electricity and Magnetism: Electric Fields","Physics"
"General Relativity: Einstein's Field Equations","Physics"
"Quantum Computing: Quantum Gates and Algorithms","Physics"
"Astrophysics: Cosmological Models","Physics"
"Plasma Physics: Magnetohydrodynamics","Physics"
"Quantum Mechanics: Quantum Entanglement","Physics"
"Classical Mechanics: Hamiltonian Mechanics","Physics"
"Thermodynamics: Carnot Cycle and Entropy","Physics"
"Electromagnetism: Electromagnetic Waves","Physics"
"Quantum Field Theory: Quantum Electrodynamics","Physics"
"Atomic Physics: Atomic Spectra and Quantum Numbers","Physics"
"Condensed Matter Physics: Semiconductor Physics","Physics"
"Special Relativity: Time Dilation and Length Contraction","Physics"
"Fluid Mechanics: Bernoulli's Equation","Physics"
"Optics: Wave Optics and Interference","Physics"
"Statistical Mechanics: Phase Transitions","Physics"
"Particle Physics: Beyond the Standard Model","Physics"
"Electricity and Magnetism: Magnetic Fields","Physics"
"General Relativity: Gravitational Waves","Physics"
"Quantum Computing: Quantum Error Correction","Physics"
"Astrophysics: High-Energy Astrophysics","Physics"
"Plasma Physics: Fusion and Tokamaks","Physics"
"Quantum Mechanics: Quantum Tunneling","Physics"
"Classical Mechanics: Rigid Body Dynamics","Physics"
"Thermodynamics: Thermodynamic Potentials","Physics"
"Electromagnetism: Magnetic Induction","Physics"
"Quantum Field Theory: Renormalization","Physics"
"Atomic Physics: Quantum Mechanics of Atoms","Physics"
"Condensed Matter Physics: Quantum Hall Effect","Physics"
"Special Relativity: Relativistic Kinematics","Physics"
"Fluid Mechanics: Viscosity and Fluid Flow","Physics"
"Optics: Polarization of Light","Physics"
"Statistical Mechanics: Gibbs Free Energy","Physics"
"Particle Physics: Quantum Chromodynamics","Physics"
"Electricity and Magnetism: Maxwell's Equations in Matter","Physics"
"General Relativity: Black Holes and Event Horizons","Physics"
"Inorganic Chemistry: Transition Metal Complexes","Chemistry"
"Organic Chemistry: Carbohydrates and Sugars","Chemistry"
"Physical Chemistry: Quantum Chemistry","Chemistry"
"Analytical Chemistry: Chromatography Techniques","Chemistry"
"Biochemistry: Enzyme Kinetics and Inhibition","Chemistry"
"Inorganic Chemistry: Main Group Chemistry","Chemistry"
"Organic Chemistry: Aromatic Compounds","Chemistry"
"Physical Chemistry: Chemical Kinetics","Chemistry"
"Analytical Chemistry: Spectroscopy Methods","Chemistry"
"Biochemistry: Lipid Metabolism","Chemistry"
"Inorganic Chemistry: Coordination Chemistry","Chemistry"
"Organic Chemistry: Nucleophilic Substitution Reactions","Chemistry"
"Physical Chemistry: Thermodynamics","Chemistry"
"Analytical Chemistry: Electrochemical Methods","Chemistry"
"Biochemistry: Protein Structure and Folding","Chemistry"
"Inorganic Chemistry: Organometallic Chemistry","Chemistry"
"Organic Chemistry: Alkyne Reactions","Chemistry"
"Physical Chemistry: Statistical Mechanics","Chemistry"
"Analytical Chemistry: Mass Spectrometry","Chemistry"
"Biochemistry: DNA Replication and Repair","Chemistry"
"Inorganic Chemistry: Bioinorganic Chemistry","Chemistry"
"Organic Chemistry: Radical Reactions","Chemistry"
"Physical Chemistry: Phase Equilibria","Chemistry"
"Analytical Chemistry: Nuclear Magnetic Resonance (NMR)","Chemistry"
"Biochemistry: Metabolic Pathways Overview","Chemistry"
"Inorganic Chemistry: Solid State Chemistry","Chemistry"
"Organic Chemistry: Stereochemistry","Chemistry"
"Physical Chemistry: Quantum Mechanics Applications","Chemistry"
"Analytical Chemistry: Gravimetric Analysis","Chemistry"
"Biochemistry: RNA Structure and Function","Chemistry"
"Inorganic Chemistry: Lanthanides and Actinides","Chemistry"
"Organic Chemistry: Carboxylic Acid Derivatives","Chemistry"
"Physical Chemistry: Electrochemistry","Chemistry"
"Analytical Chemistry: Gas Chromatography","Chemistry"
"Biochemistry: Cell Signaling Pathways","Chemistry"
"Inorganic Chemistry: Supramolecular Chemistry","Chemistry"
"Organic Chemistry: Organometallic Compounds","Chemistry"
"Physical Chemistry: Photochemistry","Chemistry"
"Analytical Chemistry: Titration Methods","Chemistry"
"Biochemistry: Enzyme Catalysis Mechanisms","Chemistry"
"Inorganic Chemistry: Main Group Synthesis","Chemistry"
"Organic Chemistry: Heterocyclic Compounds","Chemistry"
"Physical Chemistry: Molecular Spectroscopy","Chemistry"
"Analytical Chemistry: Atomic Absorption Spectroscopy","Chemistry"
"Biochemistry: Glycolysis and Gluconeogenesis","Chemistry"
"Inorganic Chemistry: Bioorganometallic Chemistry","Chemistry"
"Organic Chemistry: Carbenes and Carbenoids","Chemistry"
"Physical Chemistry: Chemical Thermodynamics","Chemistry"
"Analytical Chemistry: Colorimetry Techniques","Chemistry"
"Biochemistry: Post-Translational Modifications","Chemistry"
"Genetics: Mendelian Inheritance Patterns","Biology"
"Cell Biology: Signal Transduction Pathways","Biology"
"Ecology: Population Ecology and Dynamics","Biology"
"Evolution: Hardy-Weinberg Equilibrium","Biology"
"Microbiology: Bacterial Structure and Function","Biology"
"Immunology: Antibody Structure and Function","Biology"
"Neurobiology: Synaptic Transmission","Biology"
"Plant Biology: Photosynthesis Mechanisms","Biology"
"Zoology: Comparative Anatomy of Vertebrates","Biology"
"Bioinformatics: Genome Sequencing Techniques","Biology"
"Genetics: Chromosomal Aberrations","Biology"
"Cell Biology: Endocytosis and Exocytosis","Biology"
"Ecology: Ecosystem Services and Conservation","Biology"
"Evolution: Molecular Clock and Phylogenetics","Biology"
"Microbiology: Viral Replication Cycles","Biology"
"Immunology: Immune System Disorders","Biology"
"Neurobiology: Neural Development","Biology"
"Plant Biology: Plant Hormones and Growth","Biology"
"Zoology: Animal Behavior and Communication","Biology"
"Bioinformatics: Protein Structure Prediction","Biology"
"Genetics: Epigenetics and Gene Regulation","Biology"
"Cell Biology: Cytoskeleton and Cell Motility","Biology"
"Ecology: Biomes and Global Climate Patterns","Biology"
"Evolution: Adaptive Radiation and Speciation","Biology"
"Microbiology: Fungal Biology and Pathogenesis","Biology"
"Immunology: Vaccines and Immune Response","Biology"
"Neurobiology: Neurotransmitter Systems","Biology"
"Plant Biology: Plant Reproduction Mechanisms","Biology"
"Zoology: Invertebrate Zoology Overview","Biology"
"Bioinformatics: Computational Phylogenetics","Biology"
"Genetics: Genetic Engineering Techniques","Biology"
"Cell Biology: Cell Cycle Regulation","Biology"
"Ecology: Ecological Succession and Biodiversity","Biology"
"Evolution: Evolutionary Developmental Biology","Biology"
"Microbiology: Microbial Ecology","Biology"
"Immunology: Autoimmune Diseases","Biology"
"Neurobiology: Neuroplasticity and Learning","Biology"
"Plant Biology: Plant Genetics and Breeding","Biology"
"Zoology: Ornithology and Bird Behavior","Biology"
"Bioinformatics: Comparative Genomics","Biology"
"Genetics: Population Genetics and Gene Flow","Biology"
"Cell Biology: Cell Junctions and Adhesion","Biology"
"Ecology: Ecological Footprints and Sustainability","Biology"
"Evolution: Coevolution and Mutualism","Biology"
"Microbiology: Microbial Biotechnology","Biology"
"Immunology: Immunotherapy Approaches","Biology"
"Neurobiology: Neurodegenerative Diseases","Biology"
"Plant Biology: Plant Ecology and Adaptations","Biology"
"Zoology: Herpetology and Amphibian Physiology","Biology"
"Bioinformatics: Functional Genomics","Biology"
"Music Theory: Advanced Harmony Analysis","Music"
"Music History: Baroque Era Composers","Music"
"Music Production: Mixing and Mastering Techniques","Music"
"Jazz Studies: Bebop and Modern Jazz","Music"
"Musicology: Ethnomusicology and Cultural Contexts","Music"
"Film Scoring: Orchestration and Arrangement","Music"
"Music Technology: MIDI Programming","Music"
"Music Composition: Serialism and Atonality","Music"
"World Music: Traditional Instruments and Styles","Music"
"Music Psychology: Perception and Cognition","Music"
"Music Theory: Counterpoint and Fugue","Music"
"Music History: Classical Era Composers","Music"
"Music Production: Electronic Dance Music (EDM)","Music"
"Jazz Studies: Fusion and Contemporary Jazz","Music"
"Musicology: Music and Gender Studies","Music"
"Film Scoring: Temp Tracks and Scoring Techniques","Music"
"Music Technology: Digital Audio Workstations (DAWs)","Music"
"Music Composition: Minimalism and Post-Minimalism","Music"
"World Music: Indigenous Music Traditions","Music"
"Music Psychology: Emotional Impact of Music","Music"
"Music Theory: Modal Harmony and Analysis","Music"
"Music History: Romantic Era Composers","Music"
"Music Production: Sound Design and Synthesis","Music"
"Jazz Studies: Jazz Fusion and Funk","Music"
"Musicology: Music and Politics","Music"
"Film Scoring: Film Genres and Musical Styles","Music"
"Music Technology: Virtual Instruments and Sampling","Music"
"Music Composition: Experimental and Avant-Garde","Music"
"World Music: Cross-Cultural Influences","Music"
"Music Psychology: Music and Memory","Music"
"Music Theory: 20th Century Music Techniques","Music"
"Music History: Impressionist and Post-Romantic Composers","Music"
"Music Production: Vocal Recording and Processing","Music"
"Jazz Studies: Latin Jazz and Afro-Cuban Rhythms","Music"
"Musicology: Music and Identity","Music"
"Film Scoring: Film Scoring Orchestration","Music"
"Music Technology: MIDI Controllers and Automation","Music"
"Music Composition: Computer-Assisted Composition","Music"
"World Music: Fusion and Globalization","Music"
"Music Psychology: Music and the Brain","Music"
"Music Theory: Jazz Harmony and Improvisation","Music"
"Music History: 21st Century Music Trends","Music"
"Music Production: Live Sound Engineering","Music"
"Jazz Studies: Big Band Arranging","Music"
"Musicology: Music and Literature","Music"
"keyboard","Music"
"Film Scoring: Sync Licensing and SounDesignracks","Music"
"Music Technology: Audio Plugins and Effects","Music"
"Music Composition: Algorithmic Composition","Music"
"World Music: Folk Music Traditions","Music"
"Music Psychology: Music and Emotion Regulation","Music"
"Physical Geography: Glacial Processes and Landforms","Geography"
"Human Geography: Migration Patterns and Trends","Geography"
"Geographic Information Systems (GIS): Spatial Analysis","Geography"
"Environmental Geography: Conservation Strategies","Geography"
"Cultural Geography: Language and Identity","Geography"
"Urban Geography: Megacities and Urbanization","Geography"
"Political Geography: Geopolitical Conflicts","Geography"
"Economic Geography: Globalization and Trade Networks","Geography"
"Geography of Tourism: Ecotourism and Sustainable Travel","Geography"
"Cartography: Map Design and Interpretation","Geography"
"Physical Geography: Coastal Processes and Features","Geography"
"Human Geography: Urbanization and Urban Planning","Geography"
"Geographic Information Systems (GIS): Remote Sensing","Geography"
"Environmental Geography: Climate Change Adaptation","Geography"
"Cultural Geography: Folk Culture and Popular Culture","Geography"
"Urban Geography: Gentrification and Social Equity","Geography"
"Political Geography: International Relations","Geography"
"Economic Geography: Economic Development Models","Geography"
"Geography of Tourism: Dark Tourism and Heritage Sites","Geography"
"Cartography: Geovisualization Techniques","Geography"
"Physical Geography: Desert Landforms and Processes","Geography"
"Human Geography: Gender and Space","Geography"
"Geographic Information Systems (GIS): Geodatabases","Geography"
"Environmental Geography: Pollution and Environmental Health","Geography"
"Cultural Geography: Religion and Spatial Patterns","Geography"
"Urban Geography: Suburbanization and Sprawl","Geography"
"Political Geography: Nationalism and Nation-States","Geography"
"Economic Geography: Resource Extraction and Sustainability","Geography"
"Geography of Tourism: Cultural Landmarks and Heritage","Geography"
"Cartography: Thematic Map Design","Geography"
"Physical Geography: River Processes and Landforms","Geography"
"Human Geography: Ethnicity and Spatial Distribution","Geography"
"Geographic Information Systems (GIS): Network Analysis","Geography"
"Environmental Geography: Biodiversity Hotspots","Geography"
"Cultural Geography: Cultural Diffusion and Innovation","Geography"
"Urban Geography: Smart Cities and Technology Integration","Geography"
"Political Geography: Borders and Boundaries","Geography"
"Economic Geography: Global Economic Inequalities","Geography"
"Geography of Tourism: Destination Marketing","Geography"
"Cartography: Web Mapping and Interactive Maps","Geography"
"Physical Geography: Karst Landscapes and Features","Geography"
"Human Geography: Globalization and Cultural Homogenization","Geography"
"Geographic Information Systems (GIS): 3D Mapping","Geography"
"Environmental Geography: Natural Hazards and Risk Assessment","Geography"
"Cultural Geography: Cultural Landscape Analysis","Geography"
"Urban Geography: Transportation Planning and Infrastructure","Geography"
"Political Geography: Geopolitics of Energy Resources","Geography"
"Economic Geography: Industrialization and Economic Sectors","Geography"
"Geography of Tourism: Tourism Impact Assessment","Geography"
"Cartography: Map Projection Techniques","Geography"
"Ancient Civilizations: Mesopotamia and Sumerians","History"
"Medieval Europe: Feudalism and Manorial System","History"
"The Renaissance: Art, Science, and Humanism","History"
"The Age of Exploration: Voyages and Discoveries","History"
"The Enlightenment: Intellectual and Cultural Movement","History"
"The French Revolution: Causes and Consequences","History"
"The Industrial Revolution: Economic and Social Changes","History"
"The American Civil War: Causes and Battles","History"
"Imperialism: European Colonization and Expansion","History"
"World War I: Origins and Global Impact","History"
"Ancient China: Dynasties and Confucianism","History"
"The Byzantine Empire: Rise and Fall","History"
"The Scientific Revolution: Advances in Science","History"
"The Age of Absolutism: Monarchs and Power","History"
"The Russian Revolution: Bolsheviks and Red October","History"
"The Great Depression: Causes and Effects","History"
"World War II: Axis and Allies Conflict","History"
"The Cold War: Ideological Struggle and Proxy Wars","History"
"The Civil Rights Movement: Equality and Justice","History"
"The Vietnam War: Causes and Controversies","History"
"Ancient Egypt: Pharaohs and Pyramids","History"
"The Greek City-States: Democracy and Philosophy","History"
"The Roman Empire: Expansion and Decline","History"
"The Age of Revolutions: Latin American Independence","History"
"The Napoleonic Wars: Rise and Fall of Napoleon","History"
"The Space Race: USA vs. USSR","History"
"The Korean War: Conflict and Armistice","History"
"The Women's Suffrage Movement: Struggle for Equality","History"
"The Cuban Missile Crisis: Cold War Tensions","History"
"The African Slave Trade: Origins and Impact","History"
"The Middle Ages: Crusades and Medieval Society","History"
"The Protestant Reformation: Martin Luther's Impact","History"
"The Mexican Revolution: Social and Political Changes","History"
"The Great Migration: African Americans in the 20th Century","History"
"The Ottoman Empire: Expansion and Decline","History"
"The Age of Nationalism: European Unification","History"
"The Space Exploration: Moon Landing and Beyond","History"
"The Pacific Theater of World War II: Island Hopping","History"
"The Apartheid Era: Racial Segregation in South Africa","History"
"The American Revolution: Independence and Constitution","History"
"The Irish Potato Famine: Causes and Consequences","History"
"The Weimar Republic: Interwar Germany","History"
"The Falklands War: Argentina vs. UK","History"
"The Salem Witch Trials: Hysteria and Accusations","History"
"The Indian Independence Movement: Gandhi's Leadership","History"
"The Cultural Revolution in China: Mao Zedong's Policies","History"
"The Iran-Iraq War: Conflict in the Middle East","History"
"The Renaissance in Literature: Humanism and Classics","History"
"The Spanish Civil War: Prelude to World War II","History"
"The Roaring Twenties: Jazz, Flappers, and Prohibition","History"
"The Haitian Revolution: Slave Revolt and Independence","History"
"The Watergate Scandal: Nixon's Resignation","History"
"The Crusades: Religious Wars in the Middle Ages","History"
"History of the Olympic Games: Origins and Evolution","Sport"
"Football Tactics: Formations and Strategies","Sport"
"Sports Medicine: Injury Prevention and Rehabilitation","Sport"
"Biomechanics in Sports: Motion Analysis and Techniques","Sport"
"Nutrition for Athletes: Dietary Guidelines and Supplements","Sport"
"Psychology of Sports: Mental Toughness and Performance","Sport"
"Sports Management: Marketing and Sponsorship","Sport"
"Physical Fitness: Training Principles and Programs","Sport"
"Sports Sociology: Gender and Race in Athletics","Sport"
"History of Tennis: Grand Slam Tournaments","Sport"
"Basketball Strategies: Offensive and Defensive Plays","Sport"
"Sports Physiology: Cardiovascular and Respiratory Systems","Sport"
"Sports Nutrition: Hydration and Electrolyte Balance","Sport"
"Coaching Techniques: Motivation and Leadership","Sport"
"Sports Analytics: Data-driven Performance Analysis","Sport"
"Strength and Conditioning: Weight Training and Exercises","Sport"
"Adapted Sports: Inclusive and Paralympic Games","Sport"
"Sports Economics: Financial Aspects of Athletics","Sport"
"Sports Biomechanics: Kinematics and Kinetics","Sport"
"Sports Psychology: Team Dynamics and Communication","Sport"
"Sports Law: Legal Issues in Professional Athletics","Sport"
"Cricket Strategies: Batting and Bowling Techniques","Sport"
"Outdoor Recreation: Adventure Sports and Activities","Sport"
"Recovery in Sports: Rest and Regeneration Techniques","Sport"
"Sports Marketing: Branding and Fan Engagement","Sport"
"Motor Learning in Sports: Skill Acquisition and Practice","Sport"
"Sports Technology: Wearables and Performance Tracking","Sport"
"Sports Ethics: Fair Play and Integrity","Sport"
"History of Golf: Major Championships and Legends","Sport"
"Athlete Development: Youth and Talent Identification","Sport"
"Sports Journalism: Reporting and Broadcasting","Sport"
"Sports Injuries: Common Types and Prevention","Sport"
"Sports Sociology: Deviance and Scandals","Sport"
"Sports Management: Facility Planning and Operations","Sport"
"Physical Education: Curriculum Design and Assessment","Sport"
"Sports Analytics: Player Evaluation Metrics","Sport"
"Sports Nutrition: Macronutrients and Micronutrients","Sport"
"Sports Physiology: Endurance and Anaerobic Performance","Sport"
"Sports Psychology: Goal Setting and Visualization","Sport"
"Esports: Competitive Gaming and Industry Growth","Sport"
"Sports Law: Contract Negotiations and Player Rights","Sport"
"History of Cycling: Grand Tours and Classics","Sport"
"Football Development: Youth Academies and Grassroots","Sport"
"Sports Biomechanics: Sports Equipment and Design","Sport"
"Sports Medicine: Concussion Management and Research","Sport"
"Sports Economics: Impact of Mega Events","Sport"
"Sports Marketing: Social Media and Digital Strategies","Sport"
"Sports Technology: Virtual Reality in Training","Sport"
"Sports Ethics: Doping and Anti-Doping Measures","Sport"
"History of Athletics: Track and Field Events","Sport"
"Motorsports: Formula 1 Racing and Motorsport Technologies","Sport"
"Sports Journalism: Ethics and Responsible Reporting","Sport"
"Shakespearean Tragedies: Themes and Characters","English"
"Modern Poetry: Imagism and Free Verse","English"
"Victorian Literature: Social Critique and Realism","English"
"Postcolonial Literature: Identity and Postmodernism","English"
"American Romanticism: Transcendentalism and Nature","English"
"Contemporary Fiction: Dystopian Narratives","English"
"World Literature: Magical Realism and Global Voices","English"
"Drama Analysis: Theatrical Techniques and Symbolism","English"
"Classic Prose: Victorian Novelists and Social Issues","English"
"Literary Theory: Feminist Criticism and Gender Studies","English"
"Medieval Literature: Chaucer and Middle English Poetry","English"
"20th Century Drama: Absurdism and Existentialism","English"
"Postmodern Fiction: Metafiction and Intertextuality","English"
"Digital Storytelling: New Media and Narrative Forms","English"
"Literary Movements: Harlem Renaissance and Jazz Age","English"
"Satire in Literature: Irony and Social Commentary","English"
"Graphic Novels: Visual Storytelling Techniques","English"
"Science Fiction: Speculative Futures and Alternate Realities","English"
"British Romantic Poetry: Keats and Wordsworth","English"
"Contemporary Poetry: Poetic Forms and Experimentation","English"
"Children's Literature: Fairy Tales and Moral Lessons","English"
"Shakespearean Comedies: Love and Mistaken Identities","English"
"Postcolonial Poetry: Colonial Legacy and Identity","English"
"Southern Gothic Literature: Regionalism and Grotesque","English"
"Literary Criticism: Deconstruction and Poststructuralism","English"
"Victorian Poetry: Pre-Raphaelite Brotherhood Influence","English"
"Postmodern Drama: Deconstructing Traditional Narratives","English"
"Classic American Literature: Mark Twain and Realism","English"
"Literary Adaptations: Film and Television Interpretations","English"
"Digital Humanities: Text Analysis and Computational Approaches","English"
"20th Century Poetry: Modernist Movements and Themes","English"
"Postcolonial Fiction: Cultural Hybridity and Resistance","English"
"Experimental Literature: Oulipo and Avant-Garde Movements","English"
"Visual Rhetoric: Analyzing Images and Multimedia","English"
"Victorian Prose: Dickens and Social Commentary","English"
"Postcolonial Drama: Cultural Conflict and Diaspora","English"
"Shakespearean History Plays: Politics and Power","English"
"Postmodern Poetry: Language Games and Playfulness","English"
"Detective Fiction: Mystery and Crime Narratives","English"
"Neo-Victorian Literature: Contemporary Reinterpretations","English"
"Literary Journalism: New Journalism and Narrative Nonfiction","English"
"Contemporary Drama: Diversity and Representation","English"
"20th Century Prose: Modernist Experimentation","English"
"Postcolonial Prose: Narrative Strategies and Colonialism","English"
"Digital Literacies: Online Communication and New Media","English"
"Classic British Poetry: Romantic Influences","English"
"Literary Translation: Challenges and Interpretation","English"
"Fantasy Literature: World-Building and Mythology","English"
"Postmodern Fiction: Hyperreality and Consumer Culture","English"
"Rhetorical Analysis: Persuasive Techniques in Discourse","English"
"Victorian Drama: Melodrama and Social Commentary","English"
"Postcolonial Poetry: Language, Identity, and Power","English"
Tesing,Other
Answer The Question,Other
Introduction to Mechanical Engineering,Engineering
Advanced Materials in Aerospace Engineering,Engineering
Civil Engineering Project Management,Engineering
Electrical Circuits and Systems Design,Engineering
Environmental Engineering Practices,Engineering
Robotics and Automation Technologies,Engineering
Structural Analysis and Design Techniques,Engineering
Aerospace Propulsion Systems,Engineering
Thermodynamics and Heat Transfer in Engineering,Engineering
Sustainable Energy Solutions in Engineering,Engineering
Control Systems Engineering Principles,Engineering
Biomedical Engineering Innovations,Engineering
Geotechnical Engineering Fundamentals,Engineering
Mechatronics and Robotics Integration,Engineering
Chemical Process Engineering Optimization,Engineering
Industrial Engineering and Operations Research,Engineering
Introduction to Nuclear Engineering,Engineering
Fluid Mechanics and Hydraulic Systems,Engineering
Engineering Ethics and Professionalism,Engineering
Automotive Engineering Advances,Engineering
Computer-Aided Design and Manufacturing,Engineering
Cybersecurity in Industrial Systems,Engineering
Machine Learning for Engineering Applications,Engineering
Renewable Energy Engineering,Engineering
Data Analytics in Engineering Decision-Making,Engineering
Aerospace Vehicle Design Challenges,Engineering
Materials Science for Engineering Applications,Engineering
Quality Control in Manufacturing Processes,Engineering
Electrical Power Systems Engineering,Engineering
Human Factors in Engineering Design,Engineering
Finite Element Analysis in Structural Engineering,Engineering
Wireless Communication Systems Engineering,Engineering
Industrial Automation and Control,Engineering
Reliability Engineering in Product Development,Engineering
Sustainable Infrastructure Engineering,Engineering
Engineering Geology and Site Investigation,Engineering
Vehicular Safety Engineering,Engineering
Computational Fluid Dynamics in Engineering,Engineering
Advanced Manufacturing Technologies,Engineering
Engineering Economics and Cost Analysis,Engineering
Sensor Technologies in Engineering,Engineering
Computer Networks for Engineers,Engineering
Structural Health Monitoring in Civil Engineering,Engineering
Optical Communication Systems Engineering,Engineering
Risk Assessment in Engineering Projects,Engineering
Thermal Power Plant Engineering,Engineering
Composite Materials in Aerospace Engineering,Engineering
Satellite Communication Systems Engineering,Engineering
Civil Engineering Surveying Techniques,Engineering
Engineering Project Risk Management,Engineering
Heat Treating,Engineering
Material Properties,Engineering
Metals And Alloys,Engineering
Metals,Engineering
Plastics,Engineering
Alloys,Engineering
Product Design and Innovation,Design
User-Centered Interface Design,Design
Sustainable Design Practices,Design
Industrial Design Principles,Design
Graphic Design and Visual Communication,Design
Textile Technology and Fashion Design,Design
Design Thinking and Problem Solving,Design
Interior Design Concepts and Trends,Design
Ergonomics in Product Design,Design
Materials and Processes in Design,Design
3D Printing and Prototyping in Design,Design
Human-Computer Interaction Design,Design
Sustainable Architecture and Design,Design
Automotive Design Engineering,Design
Interactive Media Design,Design
Environmental Impact Assessment in Design,Design
Design for Manufacturing and Assembly,Design
Digital Product Design Strategies,Design
Packaging Design and Branding,Design
Robotics and Automation in Design,Design
Game Design and Development,Design
Biomimicry in Design,Design
Wearable Technology Design,Design
Virtual Reality Design Experiences,Design
Lighting Design for Interior Spaces,Design
Augmented Reality Applications in Design,Design
Design for Accessibility,Design
Designing for Social Impact,Design
Sustainable Urban Planning and Design,Design
Experience Design in Design,Design
Bio-inspired Design Solutions,Design
Advanced CAD Techniques,Engineering
Data Visualization Design,Design
Responsive Web Design Principles,Design
Designing for User Experience (UX),Design
Smart Home Design Technologies,Design
Interactive Exhibit Design,Design
Service Design and Innovation,Design
Designing for Emotional Well-being,Design
Bioinformatics and Computational Design,Design
Future Trends in Industrial Design,Design
Ethical Considerations in Design,Design
Design for Virtual and Augmented Reality,Design
Human Factors in Product Design,Design
Packaging Sustainability in Design,Design
Designing for Mobile Platforms,Design
Social Media Graphic Design,Design
Designing for Inclusive Education,Design
Advanced Animation Techniques in Design,Design
Designing for Virtual Learning Environments,Design
Advanced Topics in Mechanical Engineering,Engineering
Renewable Energy Systems Engineering,Engineering
Electromagnetic Field Theory in Engineering,Engineering
Advanced Structural Dynamics,Engineering
Controlled Environment Agriculture Engineering,Engineering
Spacecraft Systems Design and Analysis,Engineering
Microelectronics and VLSI Design,Engineering
Power Electronics and Renewable Energy Integration,Engineering
Computational Methods in Chemical Engineering,Engineering
Digital Signal Processing for Communication Engineers,Engineering
Introduction to Quantum Computing for Engineers,Engineering
Introduction to Biochemical Engineering,Engineering
Engineering Project Management and Leadership,Engineering
Advanced Topics in Aerospace Engineering,Engineering
Digital Control Systems in Engineering,Engineering
Introduction to Biomechanical Engineering,Engineering
Machine Vision and Image Processing in Engineering,Engineering
Optimization Techniques in Industrial Engineering,Engineering
Advanced Topics in Electrical Power Systems,Engineering
Emerging Trends in Environmental Engineering,Engineering
Advanced Fluid Dynamics and Turbulence,Engineering
Engineering Risk and Reliability Analysis,Engineering
Introduction to Structural Dynamics and Earthquake Engineering,Engineering
Advanced Topics in Chemical Process Engineering,Engineering
Finite Element Analysis for Aerospace Structures,Engineering
Cyber-Physical Systems Engineering,Engineering
Advanced Topics in Robotics and Automation,Engineering
Renewable Energy Policy and Planning,Engineering
Introduction to Reliability Centered Maintenance,Engineering
Advanced Topics in Geotechnical Engineering,Engineering
Avionics Systems Engineering,Engineering
Digital Communication Systems Engineering,Engineering
Advanced Topics in Industrial Automation,Engineering
Engineering Applications of Artificial Intelligence,Engineering
Vibration and Noise Control in Mechanical Engineering,Engineering
Introduction to Quantum Mechanics for Engineers,Engineering
Advanced Topics in Wireless Communication Systems,Engineering
Engineering Ethics in Artificial Intelligence,Engineering
Introduction to Computational Neuroscience for Engineers,Engineering
Advanced Topics in Automotive Engineering,Engineering
Advanced Topics in Computer-Aided Design,Engineering
Renewable Energy Storage Technologies,Engineering
Introduction to Human-Robot Interaction,Engineering
Advanced Topics in Composite Materials Engineering,Engineering
Introduction to Computational Fluid Dynamics,Engineering
Advanced Topics in Biomedical Engineering,Engineering
Engineering Challenges in Space Exploration,Engineering
Advanced Topics in Sustainable Infrastructure,Engineering
Introduction to Quantum Electronics for Engineers,Engineering
Engineering Aspects of Smart Cities,Engineering
Advanced Topics in Machine Learning for Engineers,Engineering
Introduction to Nuclear Reactor Engineering,Engineering
Engineering Innovation and Entrepreneurship,Engineering
Advanced Topics in Wireless Sensor Networks,Engineering
Introduction to Spacecraft Propulsion Systems,Engineering
Engineering Education and Pedagogy,Engineering
Advanced Topics in Structural Health Monitoring,Engineering
Introduction to Cognitive Engineering,Engineering
Engineering Applications of Augmented Reality,Engineering
Advanced Topics in Computational Mechanics,Engineering
Introduction to Photonics for Engineers,Engineering
Engineering Solutions for Climate Change,Engineering
Advanced Topics in Microelectromechanical Systems (MEMS),Engineering
Introduction to Quantum Optics for Engineers,Engineering
Engineering Challenges in Renewable Energy Integration,Engineering
Advanced Topics in Environmental Impact Assessment,Engineering
Introduction to Sustainable Transportation Engineering,Engineering
Engineering Approaches to Biologically Inspired Design,Engineering
Advanced Topics in Power System Protection,Engineering
Introduction to Human Factors Engineering,Engineering
Engineering Aspects of Unmanned Aerial Vehicles (UAVs),Engineering
Advanced Topics in Advanced Manufacturing Technologies,Engineering
Introduction to Quantum Computing for Engineers,Engineering
Engineering Challenges in Electric Vehicle Technologies,Engineering
Advanced Topics in Data Analytics for Engineering Applications,Engineering
Introduction to Industrial Ecology for Engineers,Engineering
Engineering Approaches to Cybersecurity,Engineering
Advanced Topics in Computational Materials Science,Engineering
Introduction to Human-Centered Design in Engineering,Engineering
Engineering Challenges in Artificial Intelligence and Robotics,Engineering
Advanced Topics in Environmental Fluid Mechanics,Engineering
Introduction to Quantum Information Processing for Engineers,Engineering
Engineering Approaches to Renewable Energy Policy,Engineering
Advanced Topics in Smart Grid Technologies,Engineering
Introduction to Computational Structural Biology for Engineers,Engineering
Engineering Challenges in Autonomous Systems,Engineering
General Knowledge,Other